Sensor,Speed,SE,Phi,Mean,Peak,RMS,SD,Skewness,Kurtosis,Crest,Damage Level
E114,15,0,0,0,0,0,0,0,0,0,HRHB
E151,15,0,0,0,0,0,0,0,0,0,HRHB
E166,15,0,0,0,0,0,0,0,0,0,HRHB
E181,15,0,0,0,0,0,0,0,0,0,HRHB
E196,15,0,0,0,0,0,0,0,0,0,HRHB
N40,15,0,0,0,0,0,0,0,0,0,HRHB
N41,15,0,0,0,0,0,0,0,0,0,HRHB
W110,15,0,0,0,0,0,0,0,0,0,HRHB
W155,15,0,0,0,0,0,0,0,0,0,HRHB
W170,15,0,0,0,0,0,0,0,0,0,HRHB
W185,15,0,0,0,0,0,0,0,0,0,HRHB
W200,15,0,0,0,0,0,0,0,0,0,HRHB
E114,15,0.025130487,12.37204512,0.163737902,0.245575982,0.097605522,0.120308676,1.048165803,0.036620771,0.148115029,HR&0.3?D
E151,15,0.589771147,0.049057284,0.580792016,0.195983058,0.146469322,0.149207048,0.736564738,0.038634242,0.049586364,HR&0.3?D
E166,15,0.596543451,0.180593764,0.090545431,0.21977465,0.178241415,0.175113594,0.740532679,0.011285716,0.041607397,HR&0.3?D
E181,15,0.638712766,0.282450317,0.648084712,0.233562321,0.195342656,0.192534773,0.777658478,0.044127315,0.038294471,HR&0.3?D
E196,15,0.649767474,0.685804212,0.167309945,0.227444617,0.203343009,0.206787781,0.588698711,0.095231539,0.024150716,HR&0.3?D
N40,15,0.184311105,11.8870682,0.160940157,0.132714001,0.060506422,0.060506428,0.233699331,0.042298857,0.072251296,HR&0.3?D
N41,15,0.103247871,0.68259561,0.41483851,0.072760947,0.048211769,0.04821176,0.499612392,0.034479093,0.121031067,HR&0.3?D
W110,15,0.587814915,0.926009295,0.32798396,0.272579932,0.167394416,0.16739442,0.387201529,0.148954471,0.105361886,HR&0.3?D
W155,15,0.891748103,24.00194297,0.733371297,0.236023887,0.198540011,0.19854001,0.363111904,0.02220446,0.037558445,HR&0.3?D
W170,15,0.89223813,1.010590896,0.260344804,0.217165735,0.208937427,0.208937427,0.276255629,0.013675712,0.008245535,HR&0.3?D
W185,15,0.886473793,0.383861898,0.719929494,0.213833971,0.223127089,0.223127091,0.41576657,0.059652576,0.009313901,HR&0.3?D
W200,15,0.822112038,0.266919291,0.105975491,0.225143066,0.233570554,0.233570555,0.004946345,0.134920589,0.008447219,HR&0.3?D
E114,15,0.189417636,0.876692965,0.005086002,0.424320376,0.079950847,0.102658015,2.211705405,0.168776478,0.344645075,HR&0.01?D
E151,15,0.801362053,11.22450253,0.570728098,0.297598526,0.18216027,0.184897018,2.173029548,0.147174953,0.115648922,HR&0.01?D
E166,15,0.886361155,0.054972328,0.393554568,0.313782777,0.252614987,0.249489496,2.19828051,0.103275961,0.0613227,HR&0.01?D
E181,15,1.101789934,0.005359359,0.029362566,0.343932113,0.311909566,0.309104964,1.512573767,0.002457288,0.032122741,HR&0.01?D
E196,15,1.168720544,1.29191178,0.134437481,0.352932032,0.354732594,0.35817214,0.889487808,0.104879333,0.001806972,HR&0.01?D
N40,15,0.332287902,11.98318665,0.04421852,0.25646084,0.112410574,0.112410576,2.185332462,0.002556472,0.144212376,HR&0.01?D
N41,15,0.720667983,0.046144298,0.30154652,0.107487763,0.246437287,0.246437286,0.325338241,0.171739654,0.354799408,HR&0.01?D
W110,15,0.926630261,0.241870517,0.037905489,0.610410659,0.330388498,0.3303885,0.613923289,0.377923264,0.280950389,HR&0.01?D
W155,15,1.598603335,24.96846144,0.30003394,0.291768222,0.379351089,0.379351089,0.573756484,0.074575837,0.087916378,HR&0.01?D
W170,15,1.639977317,1.36278042,0.40647365,0.322764295,0.398363763,0.398363763,0.699966074,0.074592525,0.075901833,HR&0.01?D
W185,15,1.572782101,12.66860372,0.062133811,0.394143124,0.431070929,0.43107093,0.96483754,0.194962205,0.03708768,HR&0.01?D
W200,15,1.492681803,0.28835322,0.475770345,0.442306377,0.460190804,0.460190807,0.094607568,0.326098131,0.01796711,HR&0.01?D
E114,20,0,0,0,0,0,0,0,0,0,HRHB
E151,20,0,0,0,0,0,0,0,0,0,HRHB
E166,20,0,0,0,0,0,0,0,0,0,HRHB
E181,20,0,0,0,0,0,0,0,0,0,HRHB
E196,20,0,0,0,0,0,0,0,0,0,HRHB
N40,20,0,0,0,0,0,0,0,0,0,HRHB
N41,20,0,0,0,0,0,0,0,0,0,HRHB
W110,20,0,0,0,0,0,0,0,0,0,HRHB
W155,20,0,0,0,0,0,0,0,0,0,HRHB
W170,20,0,0,0,0,0,0,0,0,0,HRHB
W185,20,0,0,0,0,0,0,0,0,0,HRHB
W200,20,0,0,0,0,0,0,0,0,0,HRHB
E114,20,0.042671331,0.774914037,11.4859455,0.377861568,0.014623602,0.005418471,2.368048183,0.16254104,0.392427783,HR&0.3?D
E151,20,0.291137897,2.23757752,36.3295072,0.286690749,0.053651405,0.053140727,0.156716178,0.123978528,0.23316444,HR&0.3?D
E166,20,0.414493727,0.451274589,40.02761497,0.198607614,0.091471762,0.106744832,0.226486581,0.114454788,0.10723394,HR&0.3?D
E181,20,0.508251337,0.472026625,7.193782193,0.229528428,0.123448672,0.119916149,1.591300289,0.072742795,0.106210872,HR&0.3?D
E196,20,0.470111818,0.180701311,15.20443165,0.254442034,0.125703771,0.128213361,1.694155392,0.051429234,0.128900296,HR&0.3?D
N40,20,0.330582466,0.106402995,12.55277711,0.065532698,0.003234979,0.053898338,0.874449757,0.121807792,0.062299735,HR&0.3?D
N41,20,0.336844439,11.56257374,9.298191684,0.002288624,0.000650631,0.051592213,0.118804003,0.143035972,0.002939236,HR&0.3?D
W110,20,0.131746349,9.487686288,18.18993811,0.333072485,0.016127483,0.008865361,0.270750661,0.026389206,0.349256294,HR&0.3?D
W155,20,0.390345534,12.2903677,5.32752947,0.148262164,0.060245557,0.059013975,0.866134538,0.076440811,0.088069666,HR&0.3?D
W170,20,0.360904298,14.13689153,7.726049146,0.186168813,0.104275211,0.098946763,1.130246067,0.095474927,0.081979085,HR&0.3?D
W185,20,0.637821776,13.62553347,12.82259616,0.209143181,0.131854135,0.149891988,0.98601094,0.046028496,0.07739109,HR&0.3?D
W200,20,0.60120474,11.77097574,17.63461751,0.088110114,0.13726945,0.140200686,0.552297982,0.023129874,0.225689367,HR&0.3?D
E114,20,0.874890639,3.086312187,5.511434748,0.450045005,0.27027027,0.270148582,4.525175271,0.457417582,0.718373724,HR&0.01?D
E151,20,0.03872059,0.893501508,0.039795715,0.103573278,0.024485798,0.024479804,1.148897059,0.151080224,0.079068119,HR&0.01?D
E166,20,0.500894454,1.200684174,10.85341343,0.362027353,0.080580177,0.080547725,1.561686622,0.167237149,0.281674149,HR&0.01?D
E181,20,0.693755175,0.089188753,18.33375538,0.238663484,0.17167382,0.171636988,4.307432432,0.157984394,0.067104866,HR&0.01?D
E196,20,0.926567489,1.643839251,7.373299809,0.30565461,0.192572215,0.192519252,3.418124006,0.148875986,0.113300581,HR&0.01?D
N40,20,0.994475138,0.670025718,13.58024691,0.284090909,0.151400454,0.15128593,2.1875,0.206295844,0.132891653,HR&0.01?D
N41,20,0.626304802,11.45383104,9.113311733,0.165016502,0,0.077220077,0.984875132,0.332686836,0.165016502,HR&0.01?D
W110,20,0.80813028,3.668692812,17.60123448,0.920502092,0.232883093,0.232883093,1.589544331,0.21679372,0.686021372,HR&0.01?D
W155,20,0.001968465,0.440437674,57.66045549,0.246305419,0.047528517,0.047517225,5.6,0.253248917,0.293694347,HR&0.01?D
W170,20,0.330791027,0.249265183,9.111299995,0.298111958,0.039323634,0.019657952,3.273809524,0.330231162,0.258890129,HR&0.01?D
W185,20,0.781412253,1.544991382,22.34413818,0.351014041,0.107665805,0.129143349,0.321543408,0.213692776,0.24361052,HR&0.01?D
W200,20,0.733920666,10.43479266,35.33556414,0.097276265,0.139664804,0.167550963,1.032448378,0.116176967,0.237272455,HR&0.01?D
E114,25,0,0,0,0,0,0,0,0,0,HRHB
E151,25,0,0,0,0,0,0,0,0,0,HRHB
E166,25,0,0,0,0,0,0,0,0,0,HRHB
E181,25,0,0,0,0,0,0,0,0,0,HRHB
E196,25,0,0,0,0,0,0,0,0,0,HRHB
N40,25,0,0,0,0,0,0,0,0,0,HRHB
N41,25,0,0,0,0,0,0,0,0,0,HRHB
W110,25,0,0,0,0,0,0,0,0,0,HRHB
W155,25,0,0,0,0,0,0,0,0,0,HRHB
W170,25,0,0,0,0,0,0,0,0,0,HRHB
W185,25,0,0,0,0,0,0,0,0,0,HRHB
W200,25,0,0,0,0,0,0,0,0,0,HRHB
E114,25,0.192421276,0.768393611,94.66217745,0.291883991,0.017402871,0.042404097,0.992470863,0.049464508,0.27443336,HR&0.3?D
E151,25,0.475766069,20.92710794,129.1132888,0.074784146,0.018320334,0.012486404,0.255703094,0.002777706,0.09312154,HR&0.3?D
E166,25,0.222303031,11.6234462,90.58646333,0.080982832,0.045895288,0.03699145,0.190838435,0.016780743,0.126936378,HR&0.3?D
E181,25,0.402878439,16.32522272,18.49353155,0.220060362,0.107302615,0.104566133,2.198023543,0.03987569,0.112878868,HR&0.3?D
E196,25,0.42428321,4.900843244,4155.920929,0.235701212,0.096312984,0.099842368,1.267184863,0.004862461,0.139522607,HR&0.3?D
N40,25,0.465587393,0.074163268,59.19242151,0.127694668,0.062509865,0.106278595,1.292636672,0.013466404,0.065225575,HR&0.3?D
N41,25,0.367388853,0.367761213,14.7744,0.136247258,0.060964399,0.035982762,0.131256841,0.103077184,0.075328783,HR&0.3?D
W110,25,0.148398201,13.36609105,9.415315271,0.154454572,0.000202327,0.02357339,0.128754172,0.097853461,0.154252558,HR&0.3?D
W155,25,0.505625344,0.919102912,589.099815,0.158215002,0.030004571,0.023878615,0.630527595,0.028145711,0.128248912,HR&0.3?D
W170,25,0.091931753,11.78401027,132.0541858,0.093225287,0.055309726,0.046149669,0.53733311,0.062253594,0.037936543,HR&0.3?D
W185,25,0.527435102,11.13173619,13499.80041,0.170449579,0.103100008,0.100761264,1.618103306,0.104171404,0.06741908,HR&0.3?D
W200,25,0.471814546,1.614454007,230.4713441,0.130342408,0.119338009,0.094370964,0.728807473,0.081818405,0.011017547,HR&0.3?D
E114,25,1.623578077,15.09453824,2.250287971,0.878734622,0.459770115,0.459770115,5.249144161,0.144951318,0.41704705,HR&0.01?D
E151,25,0.238117255,25.08398097,197.0063526,0.19379845,0.114964553,0.114942529,0.245098039,0.080066838,0.07874337,HR&0.01?D
E166,25,0.564941107,11.2406453,4.690765321,0.176470588,0.048262548,0.048254785,0,0.003372226,0.128146193,HR&0.01?D
E181,25,0.307560184,17.69942236,147.0449637,0.040783034,0.066770532,0.066755674,6.745670009,0.075248319,0.026004861,HR&0.01?D
E196,25,0.708331534,1.639186719,3848.919362,0.367454068,0.114122682,0.142612664,4.540358744,0.073959781,0.253620825,HR&0.01?D
N40,25,1.388888889,1.336899825,99.5620331,0.383631714,0.206469374,0.275103164,0.473933649,0.115588789,0.177528883,HR&0.01?D
N41,25,0.716612378,0.108143519,113.5675401,0.507614213,0,0,0.943396226,0.568349374,0.507614213,HR&0.01?D
W110,25,0.945664369,1.776882998,377.9259897,0.86281277,0.145137881,0.096711799,5.90974212,0.046518607,1.006489853,HR&0.01?D
W155,25,0.581070831,1.297806115,1760.022565,0.621359223,0.037735849,0.018864365,15.68627451,0.026134145,0.583843693,HR&0.01?D
W170,25,1.383859179,16.19996791,163.0255589,0.503852993,0.094981795,0.079138968,0.315457413,0.220566319,0.409259921,HR&0.01?D
W185,25,0.971039182,1.897085724,18877.37035,0.317460317,0.249207068,0.226500566,1.773049645,0.009570556,0.068423766,HR&0.01?D
W200,25,1.030042918,2.065054146,97.78422953,0.303643725,0.322108346,0.292825769,0.252270434,0.070175439,0.018524289,HR&0.01?D
E114,30,0,0,0,0,0,0,0,0,0,HRHB
E151,30,0,0,0,0,0,0,0,0,0,HRHB
E166,30,0,0,0,0,0,0,0,0,0,HRHB
E181,30,0,0,0,0,0,0,0,0,0,HRHB
E196,30,0,0,0,0,0,0,0,0,0,HRHB
N40,30,0,0,0,0,0,0,0,0,0,HRHB
N41,30,0,0,0,0,0,0,0,0,0,HRHB
W110,30,0,0,0,0,0,0,0,0,0,HRHB
W155,30,0,0,0,0,0,0,0,0,0,HRHB
W170,30,0,0,0,0,0,0,0,0,0,HRHB
W185,30,0,0,0,0,0,0,0,0,0,HRHB
W200,30,0,0,0,0,0,0,0,0,0,HRHB
E114,30,0.347876539,0.037310028,75.96215369,0.300073392,0.153244348,0.128285779,1.370969067,0.031074977,0.147054397,HR&0.3?D
E151,30,0.141307901,28.92581258,50.76070104,0.064162328,0.056262142,0.047993713,9.594226204,0.043955397,0.007904633,HR&0.3?D
E166,30,0.410667032,13.58619762,86.01502265,0.080479421,0.058648451,0.061813873,4.45053391,0.048820113,0.021843781,HR&0.3?D
E181,30,0.839730694,0.881485258,240.932633,0.189930499,0.192002085,0.191190764,0.138634458,0.078133138,0.002075571,HR&0.3?D
E196,30,1.170195664,0.965253393,467.7829807,0.219581667,0.215238677,0.221525174,0.319316676,0.027369769,0.004352358,HR&0.3?D
N40,30,0.166973472,0.205466792,103.5820592,0.099873819,0.036915019,0.01192737,0.326522532,0.011823381,0.06298205,HR&0.3?D
N41,30,0.010918794,0.248829242,18.6566183,0.195369108,0.008285624,0.033284571,1.171082163,0.015778033,0.203637859,HR&0.3?D
W110,30,0.871878758,29.07825876,95.82268375,0.104847497,0.254035704,0.229102329,44.16756849,0.076922987,0.149568163,HR&0.3?D
W155,30,0.471533942,0.170243458,39.62940117,0.218332829,0.094929654,0.085778237,1.072229922,0.002513544,0.123520432,HR&0.3?D
W170,30,0.538302149,0.20784379,65.74621056,0.206166857,0.102302843,0.103602782,1.95695511,0.015373592,0.103970379,HR&0.3?D
W185,30,1.056722782,0.556119456,82.80714765,0.187483887,0.258964502,0.254223812,0.297076006,0.013338073,0.071666205,HR&0.3?D
W200,30,1.139599503,0.159821014,130.8119986,0.233614242,0.285478382,0.287086372,0.430552647,0.034423495,0.052012625,HR&0.3?D
E114,30,0.419329073,0.396069787,65.0865371,1.87007874,0.261369577,0.261369577,0.757575758,0.106511397,1.612924858,HR&0.01?D
E151,30,0.700932701,29.99909489,127.8676881,0.10940919,0.066889632,0.050158836,25.75757576,0.233983287,0.042548018,HR&0.01?D
E166,30,0.939269804,19.82005005,83.10469644,0.147797813,0.070412618,0.070392792,13.13868613,0.188311997,0.077439722,HR&0.01?D
E181,30,1.131103361,2.108075802,285.8014464,0.332225914,0.241837969,0.241779497,0.238826339,0.259644406,0.090607067,HR&0.01?D
E196,30,0.86321088,10.24585252,471.8674888,0.371287129,0.281690141,0.281602003,0.778307808,0.159570224,0.089850087,HR&0.01?D
N40,30,0.512295082,0.131680904,0.57967654,0.151745068,0.155520995,0.155520995,1.898734177,0.276989504,0.307744671,HR&0.01?D
N41,30,0,11.08570364,99.52807928,0.526315789,0.152905199,0.152905199,3.195266272,0.100633994,0.67818401,HR&0.01?D
W110,30,1.927381248,3.229331395,124.4438054,0.917431193,0.711237553,0.711237553,191.6666667,0.313303145,1.640335428,HR&0.01?D
W155,30,1.525648842,1.342036869,29.86822043,1.015228426,0.237529691,0.221659278,31.34328358,0.037224412,0.779550399,HR&0.01?D
W170,30,0.791791835,13.74128811,23.90438247,0.845155448,0.223537147,0.223478375,14.91935484,0.013993598,0.623010963,HR&0.01?D
W185,30,2.051902715,0.769667391,104.2004139,0.816181689,0.48582996,0.465492815,3.533568905,0.13379405,0.331964513,HR&0.01?D
W200,30,1.819626872,1.238566585,49.53550417,0.193236715,0.399148483,0.399042298,1.972448341,0.141820503,0.206736956,HR&0.01?D
E114,35,0,0,0,0,0,0,0,0,0,HRHB
E151,35,0,0,0,0,0,0,0,0,0,HRHB
E166,35,0,0,0,0,0,0,0,0,0,HRHB
E181,35,0,0,0,0,0,0,0,0,0,HRHB
E196,35,0,0,0,0,0,0,0,0,0,HRHB
N40,35,0,0,0,0,0,0,0,0,0,HRHB
N41,35,0,0,0,0,0,0,0,0,0,HRHB
W110,35,0,0,0,0,0,0,0,0,0,HRHB
W155,35,0,0,0,0,0,0,0,0,0,HRHB
W170,35,0,0,0,0,0,0,0,0,0,HRHB
W185,35,0,0,0,0,0,0,0,0,0,HRHB
W200,35,0,0,0,0,0,0,0,0,0,HRHB
E114,35,0.282887087,0.161981321,661.3676776,0.343296247,0.001550042,0.026547305,0.271457333,0.295630018,0.341740908,HR&0.3?D
E151,35,0.079037343,1.390998225,15.8494647,0.083564496,0.001306939,0.005052066,0.960810031,0.026030529,0.082256481,HR&0.3?D
E166,35,0.115946416,0.271410782,1.974835427,0.079355047,0.006490657,0.007729766,0.714833481,0.045767227,0.085851276,HR&0.3?D
E181,35,0.030721171,0.218343836,93.46624852,0.13579757,0.051180148,0.051557254,0.552079346,0.1895571,0.187073463,HR&0.3?D
E196,35,0.079465793,13.95522796,88.94347459,0.066622999,0.052903918,0.060420943,0.799198766,0.232282771,0.119590185,HR&0.3?D
N40,35,0.260842108,9.807503198,26.55778427,0.193708439,0.021559942,0.028379038,0.342676322,0.093936972,0.215221979,HR&0.3?D
N41,35,0.486048792,1.625727038,102.8900581,0.054022271,0.077011573,0.052033947,2.279550483,0.018615598,0.02300702,HR&0.3?D
W110,35,0.049446427,46.64260142,501.5727719,0.361353499,0.017470414,0.040558445,0.665232355,0.033411476,0.343943173,HR&0.3?D
W155,35,0.367233268,0.358961214,9.549512125,0.02077818,0.012553838,0.018975976,9.588554993,0.028397735,0.033336204,HR&0.3?D
W170,35,0.185345412,2.170552145,7.908147071,0.017698824,0.02429341,0.025521983,0.260749378,0.04135668,0.006596189,HR&0.3?D
W185,35,0.334690463,11.58735836,27.1793042,0.245767438,0.107557758,0.107908958,1.373137148,0.018366875,0.138358495,HR&0.3?D
W200,35,0.267979433,1.667890807,159.8299686,0.096244053,0.104269379,0.112167219,0.398471754,0.071977227,0.008033703,HR&0.3?D
E114,35,0.047547349,1.782665285,1080.026686,2.102312544,0.325884544,0.279329609,3.361807661,1.482075089,2.436136079,HR&0.01?D
E151,35,2.898085821,3.336225254,23.2814455,0.182759671,0.109752273,0.12539185,3.61952862,0.726878858,0.292833336,HR&0.01?D
E166,35,0.140710004,18.65497295,12.25677396,0.180319423,0.07870917,0.078688525,3.752759382,0.734843846,0.259232632,HR&0.01?D
E181,35,0.130695357,0.462279411,72.92669534,0.57660626,0.050748541,0.050735667,4.634056638,0.063230504,0.52612472,HR&0.01?D
E196,35,0.536870362,9.287220295,161.1557369,0.317292438,0.097560976,0.065019506,3.023952096,0.012613522,0.219517299,HR&0.01?D
N40,35,1.685772084,9.558441688,24.26488053,0,0.674662669,0.599250936,4.568965517,0.45423847,0.670141474,HR&0.01?D
N41,35,2.345058626,1.270951438,59.76064294,0.117096019,0.510576222,0.510576222,5.140186916,0.157731686,0.39549953,HR&0.01?D
W110,35,1.221136767,12.12471583,347.1206564,1.821668265,0.384800385,0.336538462,4.327008335,0.878028625,2.198010696,HR&0.01?D
W155,35,0.323253727,0.815068165,12.65196879,0.502344273,0.031421838,0.031411968,0,0.049448791,0.533598445,HR&0.01?D
W170,35,0.002361859,5.86130734,4.559105039,0.62965083,0.013113034,0.013109596,41.17647059,0.001550604,0.616618653,HR&0.01?D
W185,35,0.819238274,12.55319366,18.92339067,0.405222873,0.228136882,0.228079067,3.771361226,0.154356796,0.177490913,HR&0.01?D
W200,35,0.835278502,14.66001279,134.2855167,0.306936771,0.296150049,0.328947368,1.55159038,0.186169663,0.010818761,HR&0.01?D
E114,40,0,0,0,0,0,0,0,0,0,HRHB
E151,40,0,0,0,0,0,0,0,0,0,HRHB
E166,40,0,0,0,0,0,0,0,0,0,HRHB
E181,40,0,0,0,0,0,0,0,0,0,HRHB
E196,40,0,0,0,0,0,0,0,0,0,HRHB
N40,40,0,0,0,0,0,0,0,0,0,HRHB
N41,40,0,0,0,0,0,0,0,0,0,HRHB
W110,40,0,0,0,0,0,0,0,0,0,HRHB
W155,40,0,0,0,0,0,0,0,0,0,HRHB
W170,40,0,0,0,0,0,0,0,0,0,HRHB
W185,40,0,0,0,0,0,0,0,0,0,HRHB
W200,40,0,0,0,0,0,0,0,0,0,HRHB
E114,40,0.945692233,0.092311269,241.2271916,0.310099776,0.063371883,0.038390848,1.265585578,0.087242513,0.246884348,HR&0.3?D
E151,40,0.539695209,13.92375983,6.788216631,0.188529173,0.07563345,0.089835936,0.080861267,0.157246818,0.112981175,HR&0.3?D
E166,40,0.552672447,11.83769775,30.67805431,0.219118149,0.120220956,0.111685833,0.154333587,0.101306643,0.099016231,HR&0.3?D
E181,40,0.711855709,0.592373283,19.32002046,0.231356515,0.168966255,0.162770959,0.878838615,0.003913447,0.062495857,HR&0.3?D
E196,40,0.732515964,15.82214682,10.72274444,0.288505957,0.153099937,0.152595753,0.237938292,0.026471496,0.135613644,HR&0.3?D
N40,40,0.341734829,0.014403945,68.06536208,0.041945824,0.016159308,0.025445076,2.546682634,0.096615934,0.058095745,HR&0.3?D
N41,40,0.42874203,13.0142484,168.8557682,0.088112013,0.007896594,0.017098308,0.671497094,0.074786764,0.080221754,HR&0.3?D
W110,40,0.264326953,11.42988863,178.6927704,0.079015417,0.019563651,0.033303434,1.478931637,0.000442541,0.059463399,HR&0.3?D
W155,40,0.461148234,1.375251497,31.33669207,0.013291116,0.075262549,0.068630616,1.729002893,0.010330685,0.062018109,HR&0.3?D
W170,40,0.421509639,0.152178906,4.687328957,0.031112975,0.117860422,0.108279902,1.357021574,0.025872478,0.086849808,HR&0.3?D
W185,40,0.774855469,0.57230136,532.6771468,0.135187245,0.163515079,0.174852531,5.352149422,0.04932686,0.02837423,HR&0.3?D
W200,40,0.792494738,14.78724146,334.949496,0.18313118,0.162230008,0.161005321,0.71631068,0.036785517,0.020935135,HR&0.3?D
E114,40,4.05237553,2.824573174,1040.791309,2.16362407,0.361300682,0.361300682,7.20047804,1.271249076,1.808858807,HR&0.01?D
E151,40,1.284919739,0.452802089,102.7383509,0.718439959,0.156862745,0.176401411,8.326429163,0.771367165,0.562459503,HR&0.01?D
E166,40,1.194042791,13.15194507,113.7181957,0.30420354,0.197400888,0.197368421,6.46884273,0.337766111,0.107013898,HR&0.01?D
E181,40,0.606562543,4.25749485,46.60637223,0.423216445,0.300638858,0.28179598,10.9688196,0.016435284,0.122947215,HR&0.01?D
E196,40,1.335893585,12.7648609,6.798228576,0.535640709,0.269409748,0.269343781,0.253865682,0.128643686,0.266950151,HR&0.01?D
N40,40,1.218274112,28.99416008,18.01043725,0.733752621,0.066622252,0.066577896,12.5,0.494244722,0.800908456,HR&0.01?D
N41,40,1.02948058,13.52350167,1.668300654,0.220022002,0.064766839,0.064766839,0.870376127,0.048218976,0.155355782,HR&0.01?D
W110,40,0.270771699,3.222098942,648.8770354,0.058275058,0.15497869,0.116189001,8.249672632,0.061368219,0.212923762,HR&0.01?D
W155,40,0.160753775,17.03435711,19.6702885,0.880626223,0.01835873,0.01835536,8.423586041,0.260920374,0.862109221,HR&0.01?D
W170,40,0.618368631,10.78047903,66.05611847,0.509383378,0.077017868,0.061604805,8.155844156,0.049278423,0.586853228,HR&0.01?D
W185,40,0.974334416,0.819858679,1757.007846,0.231941683,0.18178513,0.199890969,45.98930481,0.055420515,0.414480277,HR&0.01?D
W200,40,1.341063895,24.26549532,548.2271754,0.405350628,0.237699073,0.237642586,0.445682451,0.257203133,0.168051011,HR&0.01?D
E114,45,0,0,0,0,0,0,0,0,0,HRHB
E151,45,0,0,0,0,0,0,0,0,0,HRHB
E166,45,0,0,0,0,0,0,0,0,0,HRHB
E181,45,0,0,0,0,0,0,0,0,0,HRHB
E196,45,0,0,0,0,0,0,0,0,0,HRHB
N40,45,0,0,0,0,0,0,0,0,0,HRHB
N41,45,0,0,0,0,0,0,0,0,0,HRHB
W110,45,0,0,0,0,0,0,0,0,0,HRHB
W155,45,0,0,0,0,0,0,0,0,0,HRHB
W170,45,0,0,0,0,0,0,0,0,0,HRHB
W185,45,0,0,0,0,0,0,0,0,0,HRHB
W200,45,0,0,0,0,0,0,0,0,0,HRHB
E114,45,0.714830201,18.37965474,360.5656049,0.272176781,0.025673312,0.050676605,1.136074238,0.052632602,0.297773645,HR&0.3?D
E151,45,0.227134343,12.73215481,50.80742739,0.055073217,0.001054053,0.010341569,0.512203443,0.138818566,0.054019733,HR&0.3?D
E166,45,0.184781308,12.02664194,108.2435306,0.062465273,0.024204276,0.028107061,0.507616617,0.153797527,0.03827026,HR&0.3?D
E181,45,0.295070738,3.390600854,270.4085733,0.317037043,0.066549911,0.060341207,0.967733014,0.079606772,0.250653942,HR&0.3?D
E196,45,0.272903435,0.063066846,256.3940569,0.135134905,0.08243865,0.081820787,0.769716613,0.012511083,0.052739733,HR&0.3?D
N40,45,0.144184014,1.227055841,224.0715963,0.026160621,0.023396159,0.001594869,0.473743073,0.077022211,0.049568377,HR&0.3?D
N41,45,0.212655881,13.94149372,56.95917873,0.010082549,0.005591632,0.019403846,3.921420267,0.127912089,0.015675058,HR&0.3?D
W110,45,0.533883622,0.310972447,111.2181203,0.284591688,0.079712933,0.09367064,6.832817477,0.029003053,0.2050422,HR&0.3?D
W155,45,0.496789663,0.14136407,54.53364719,0.202957445,0.075799029,0.084828987,0.440844608,0.000895529,0.127254874,HR&0.3?D
W170,45,0.651041623,12.90519945,14.65119293,0.188817339,0.114726154,0.104036967,0.0425513,0.017360132,0.074176285,HR&0.3?D
W185,45,0.889715339,12.21634866,32.53353374,0.23463009,0.193022925,0.205008049,0.348291384,0.056553968,0.041687631,HR&0.3?D
W200,45,0.947837872,2.253817542,39.0093575,0.199583273,0.212291854,0.211457381,0.202624676,0.007676474,0.012735618,HR&0.3?D
E114,45,1.36271383,4.39023635,140.9823253,0.344827586,0.393545848,0.432900433,2.479732952,0.108631435,0.735478987,HR&0.01?D
E151,45,1.271770941,12.59876244,75.27715314,0.179856115,0.274301389,0.257069409,4.598779916,0.919105604,0.452915151,HR&0.01?D
E166,45,0.427942587,11.12583236,150.5894106,0.175482577,0.202312139,0.187806992,4.624027658,0.916004795,0.377031934,HR&0.01?D
E181,45,0.758868125,0.783702367,33.14040688,0.059101655,0.1878287,0.20657277,5.332868595,0.090416699,0.128485712,HR&0.01?D
E196,45,0.808833311,1.060825505,128.0725994,0.873196659,0.12189176,0.121862052,1.703406814,0.203223173,0.750390235,HR&0.01?D
N40,45,0.674846626,10.84437972,44.32527613,0,0,0.073855244,24.68619247,0.311717861,0,HR&0.01?D
N41,45,1.126126126,3.115270206,99.11048185,0.71942446,0.141342756,0.141342756,10.92530658,0.053632334,0.859552302,HR&0.01?D
W110,45,1.611301679,4.635353407,65.14915998,2.112251056,0.428682775,0.428515777,44.09448819,0.51338854,1.690816521,HR&0.01?D
W155,45,2.211214218,2.356376819,118.3602771,0.531286895,0.272294078,0.272201429,11.10176619,0.062135922,0.259699965,HR&0.01?D
W170,45,2.75952827,13.26778871,16.1444917,0.543075784,0.343053173,0.328712305,6.730769231,0.030627511,0.200711157,HR&0.01?D
W185,45,2.406962401,0.775863302,331.3876476,1.083684527,0.518134715,0.536440991,7.145773785,0.115643892,0.568495384,HR&0.01?D
W200,45,1.906848023,11.72535778,66.49614961,0.49200492,0.410727229,0.410628019,1.398601399,0.151302679,0.081612898,HR&0.01?D
E114,50,0,0,0,0,0,0,0,0,0,HRHB
E151,50,0,0,0,0,0,0,0,0,0,HRHB
E166,50,0,0,0,0,0,0,0,0,0,HRHB
E181,50,0,0,0,0,0,0,0,0,0,HRHB
E196,50,0,0,0,0,0,0,0,0,0,HRHB
N40,50,0,0,0,0,0,0,0,0,0,HRHB
N41,50,0,0,0,0,0,0,0,0,0,HRHB
W110,50,0,0,0,0,0,0,0,0,0,HRHB
W155,50,0,0,0,0,0,0,0,0,0,HRHB
W170,50,0,0,0,0,0,0,0,0,0,HRHB
W185,50,0,0,0,0,0,0,0,0,0,HRHB
W200,50,0,0,0,0,0,0,0,0,0,HRHB
E114,50,7.133168536,11.91943334,124.6268863,0.127585728,0.188945109,0.163995463,13.12684907,0.107021158,0.061475535,HR&0.3?D
E151,50,0.126836931,11.24357991,11.66851687,0.134336078,0.069401803,0.076285705,6.256691242,0.026713351,0.064979372,HR&0.3?D
E166,50,0.201116327,10.47087195,59.0611798,0.148001508,0.091365274,0.095441704,53.23862456,0.030415341,0.056688027,HR&0.3?D
E181,50,0.929860736,1.827442635,2318.743149,0.080481184,0.255934154,0.254230357,3.354205468,0.200741953,0.175903167,HR&0.3?D
E196,50,3.789365348,12.1075904,68.6765233,0.011755553,0.288511376,0.293438883,0.194734799,0.252665601,0.277556605,HR&0.3?D
N40,50,2.497925724,18.27783965,452.5327686,0.068255728,0.034659453,0.009671241,0.165625048,0.030576958,0.102950864,HR&0.3?D
N41,50,0.120856065,0.872374031,147.3752769,0.195998534,0.05019224,0.025207911,0.745139644,0.080777813,0.145879513,HR&0.3?D
W110,50,0.974376807,0.600011937,102.8349113,0.114545951,0.238150522,0.213213176,0.305599813,0.064399181,0.353538427,HR&0.3?D
W155,50,0.217007402,71.073227,24.57152622,0.210442944,0.08217562,0.072527936,0.969909778,0.09740866,0.128372815,HR&0.3?D
W170,50,0.43054017,10.68042518,5.899966023,0.110698271,0.105862618,0.094829868,0.185201146,0.084462989,0.004840777,HR&0.3?D
W185,50,0.696189203,12.60610351,61.38738254,0.194720363,0.260095713,0.257104658,0.006334195,0.089058682,0.065545832,HR&0.3?D
W200,50,1.051349781,0.575811516,4.928561411,0.211358847,0.291540165,0.266616165,0.156334845,0.155842285,0.080415762,HR&0.3?D
E114,50,3.009640254,1.525850973,41.45133944,0.42997543,0.083927822,0.083927822,47.6673428,0.302727745,0.514334922,HR&0.01?D
E151,50,0.933264619,2.471394281,76.67045494,0.173740382,0.06377551,0.06375518,20.66115702,0.486476871,0.110035047,HR&0.01?D
E166,50,0.105358636,11.48555861,62.67941191,0.157232704,0.159930212,0.159883721,71.92333333,0.407716866,0.002701829,HR&0.01?D
E181,50,1.398858256,12.5691956,587.8871736,0.309597523,0.582207732,0.582072177,8.011869436,0.206660838,0.89702782,HR&0.01?D
E196,50,12.71261718,0.683672934,75.94554742,0.285132383,0.658682635,0.658485483,0.079713033,0.033074512,0.376027077,HR&0.01?D
N40,50,4.581901489,2.003852378,22.64362767,2.869757174,0.632911392,0.632911392,5.126243305,0.458924181,2.22277757,HR&0.01?D
N41,50,1.119724376,0.240189407,643.0611222,0.533049041,0.076923077,0.153846154,4.186489058,0.766122728,0.609503269,HR&0.01?D
W110,50,4.248587571,13.54766889,94.16175499,0.718015666,0.126262626,0.126262626,4.755636005,0.265078816,0.845345648,HR&0.01?D
W155,50,0.949335615,51.89054531,149.8137188,0.722767166,0.061359104,0.04601227,9.06200318,0.096410996,0.661814145,HR&0.01?D
W170,50,2.729876106,1.740314417,42.96613712,0.193236715,0.139508929,0.125540522,4.189189189,0.02022547,0.053802846,HR&0.01?D
W185,50,1.267232568,12.20003573,60.85166645,0.483481064,0.461944567,0.461842973,0.495426829,0.255495278,0.021636445,HR&0.01?D
W200,50,1.292270531,0.384953304,1.411857847,0.104438642,0.49132948,0.462427746,1.139978791,0.465967433,0.388801132,HR&0.01?D
E114,55,0,0,0,0,0,0,0,0,0,HRHB
E151,55,0,0,0,0,0,0,0,0,0,HRHB
E166,55,0,0,0,0,0,0,0,0,0,HRHB
E181,55,0,0,0,0,0,0,0,0,0,HRHB
E196,55,0,0,0,0,0,0,0,0,0,HRHB
N40,55,0,0,0,0,0,0,0,0,0,HRHB
N41,55,0,0,0,0,0,0,0,0,0,HRHB
W110,55,0,0,0,0,0,0,0,0,0,HRHB
W155,55,0,0,0,0,0,0,0,0,0,HRHB
W170,55,0,0,0,0,0,0,0,0,0,HRHB
W185,55,0,0,0,0,0,0,0,0,0,HRHB
W200,55,0,0,0,0,0,0,0,0,0,HRHB
E114,55,8.67666362,11.15814988,116.1400153,0.751534502,0.047296477,0.071903531,16.91852308,0.320845248,0.704571263,HR&0.3?D
E151,55,0.339730227,0.685871524,95.78383505,0.220722849,0.03322385,0.027587275,0.534889719,0.173083646,0.187561315,HR&0.3?D
E166,55,0.193856039,2.168854978,161.4130101,0.217892027,0.033621897,0.044620961,0.778018247,0.17239581,0.184332106,HR&0.3?D
E181,55,0.638071242,1.489074046,116.9754956,0.334456889,0.114595698,0.117512025,2.572778001,0.046060658,0.220113432,HR&0.3?D
E196,55,0.860736309,0.480615402,698.4079735,0.273658603,0.148962658,0.15893691,1.276543708,0.018942011,0.423251748,HR&0.3?D
N40,55,3.191986099,6.769530554,47.6914847,0.030121582,0.015667944,0.009325015,0.742788098,0.066342451,0.045796702,HR&0.3?D
N41,55,0.355201969,16.44226786,22.58764143,0.453328471,0.043490862,0.018504858,2.021559288,0.154221991,0.410015928,HR&0.3?D
W110,55,0.903755332,33.50384289,163.5811256,0.04531599,0.088347324,0.110646244,0.27251427,0.141561654,0.133781506,HR&0.3?D
W155,55,0.2190922,14.08135894,131.2902284,0.294893783,0.045689557,0.039377859,1.456929117,0.165119053,0.249318138,HR&0.3?D
W170,55,0.165550834,12.90239982,13.87922205,0.123239526,0.04620159,0.038254229,1.728656019,0.196602895,0.077073545,HR&0.3?D
W185,55,0.81311584,0.375388075,78.45428087,0.33143197,0.10729478,0.108653493,1.151302903,0.252119657,0.224377936,HR&0.3?D
W200,55,0.720336902,12.7917204,125.0643752,0.319811445,0.102440481,0.111619086,1.098086274,0.21961938,0.217593868,HR&0.3?D
E114,55,12.03747968,11.18479977,89.11106401,6.035665295,0.347394541,0.347222222,129.9303944,4.292550059,5.708100383,HR&0.01?D
E151,55,3.784536914,9.471762773,94.67740955,1.104972376,0.058072009,0.03870718,0.835654596,0.676615474,1.047508676,HR&0.01?D
E166,55,2.51154061,1.030643598,153.5937662,0.994764398,0.0180018,0,3.604395604,0.753206122,1.012583915,HR&0.01?D
E181,55,2.281599244,9.860623304,57.74500045,2.118820108,0.083752094,0.083728719,3.909090909,1.718700604,2.036773855,HR&0.01?D
E196,55,2.688495044,1.892090281,318.9106975,0.40253019,0.349895031,0.349772648,7.050359712,1.188463096,0.755067164,HR&0.01?D
N40,55,5.577072037,4.902132746,160.0945065,0.201207243,0,0.076982294,3.69595537,0.46830391,0.201207243,HR&0.01?D
N41,55,0.368731563,1.789976885,73.53194235,1.377118644,0.151400454,0.151400454,2.84567676,0.588858792,1.227576747,HR&0.01?D
W110,55,0.258458647,0.260552003,137.4623166,0.136518771,0.70989115,0.662251656,5.014326648,0.938809311,0.56933075,HR&0.01?D
W155,55,1.941225532,10.05896562,151.0488696,1.304476727,0.037362227,0.056032873,0.992481203,0.285205726,1.266641255,HR&0.01?D
W170,55,0.025569463,10.70641224,14.61117372,0.133440085,0.017044486,0,0.146541618,0.035419372,0.150510225,HR&0.01?D
W185,55,1.974722406,1.659580707,42.09646246,0.525624179,0.210859251,0.210803689,1.740976645,0.700925091,0.315430041,HR&0.01?D
W200,55,2.030753802,19.74150459,83.2952054,0.554938957,0.273504274,0.2734108,6.646862235,0.304090358,0.28220653,HR&0.01?D
E114,60,0,0,0,0,0,0,0,0,0,HRHB
E151,60,0,0,0,0,0,0,0,0,0,HRHB
E166,60,0,0,0,0,0,0,0,0,0,HRHB
E181,60,0,0,0,0,0,0,0,0,0,HRHB
E196,60,0,0,0,0,0,0,0,0,0,HRHB
N40,60,0,0,0,0,0,0,0,0,0,HRHB
N41,60,0,0,0,0,0,0,0,0,0,HRHB
W110,60,0,0,0,0,0,0,0,0,0,HRHB
W155,60,0,0,0,0,0,0,0,0,0,HRHB
W170,60,0,0,0,0,0,0,0,0,0,HRHB
W185,60,0,0,0,0,0,0,0,0,0,HRHB
W200,60,0,0,0,0,0,0,0,0,0,HRHB
E114,60,0.596358991,0.526884607,87.44695984,0.052665852,0.134219447,0.121877019,0.568315499,0.070451994,0.081444281,HR&0.3?D
E151,60,0.11488879,3.124999474,12.4531663,0.501142262,0.064063458,0.045158368,1.39145284,0.24421073,0.564843862,HR&0.3?D
E166,60,0.523579452,1.381781227,6.592464624,0.504601877,0.05171114,0.057486515,0.76554009,0.248233635,0.55602549,HR&0.3?D
E181,60,0.142350924,23.20971556,158.2092098,0.306800211,0.083990965,0.084099901,0.03887713,0.376900491,0.222622264,HR&0.3?D
E196,60,0.056901666,0.294994923,5097.846075,0.241856001,0.113493306,0.138518552,0.312245548,0.371193108,0.128217177,HR&0.3?D
N40,60,0.279495406,0.002025392,122.9579033,0.019305137,0.098834318,0.123855899,0.300702941,0.139138526,0.079450656,HR&0.3?D
N41,60,0.239702687,0.194483231,13.75058484,0.033567884,0.09428339,0.068584835,0.301424083,0.073801916,0.127730844,HR&0.3?D
W110,60,0.159502074,0.567378152,107.3800451,0.056468927,0.061516756,0.046685645,0.038964722,0.053296412,0.117913147,HR&0.3?D
W155,60,0.384801295,13.07460349,32.5607825,0.201738838,0.013537576,0.001622155,15.37886746,0.074051703,0.188175788,HR&0.3?D
W170,60,0.191377861,15.24932788,31.7052457,0.213432373,0.005721989,0.015251664,2.960008008,0.08861049,0.207722269,HR&0.3?D
W185,60,0.393182081,4.139728748,104.7009539,0.042670991,0.030083577,0.03004305,0.28108742,0.297412806,0.072776462,HR&0.3?D
W200,60,0.140912153,0.270078223,45.06770932,0.022661045,0.01517689,0.02112744,0.334598008,0.375121264,0.037843679,HR&0.3?D
E114,60,0.481781727,7.998230028,23.34704208,1.046663759,0.074654722,0.037313433,2.201371346,1.76286306,1.120481988,HR&0.01?D
E151,60,2.086093807,7.138852857,28.85511121,3.718674212,0.043898156,0.021939447,8.99526565,2.897965965,3.760921393,HR&0.01?D
E166,60,1.598604906,0.881851889,39.11847624,0.505863417,0.115340254,0.134537767,6.187766714,2.131778777,0.390073252,HR&0.01?D
E181,60,0.220077252,22.30658463,44.30255937,1.794453507,0.472872076,0.472754417,6.325765925,1.696516479,1.315361455,HR&0.01?D
E196,60,0.675491748,3.415054375,8439.853031,1.438553226,0.696547547,0.726832223,3.543599258,1.786595228,0.736873009,HR&0.01?D
N40,60,7.755946225,1.836722524,166.9014085,0.063653724,0.259067358,0.259067358,0.807071483,0.682065886,0.194908689,HR&0.01?D
N41,60,0.521221147,11.92228899,121.8060732,0.208333333,0.152052712,0.101317123,1.810965021,0,0.3598389,HR&0.01?D
W110,60,0.700240883,22.61659387,143.6376917,1.255783212,0.199123855,0.238853503,6.4919595,0.52326467,1.058767616,HR&0.01?D
W155,60,2.453249022,31.13607555,32.1593654,1.323007422,0.080321285,0.100361301,79.7979798,0.675115095,1.24368508,HR&0.01?D
W170,60,1.081246968,19.87136967,33.1322236,0.283286119,0.138121547,0.13807387,4.761904762,0.460553349,0.145365353,HR&0.01?D
W185,60,1.190986467,2.931575935,54.95135419,0.312402374,0.224606938,0.224550898,5.271317829,0.183525922,0.538218188,HR&0.01?D
W200,60,0.563070796,6.969676705,190.3430659,0.32455824,0.092850511,0.092821782,0.949367089,0.325362379,0.417796677,HR&0.01?D
E114,65,0,0,0,0,0,0,0,0,0,HRHB
E151,65,0,0,0,0,0,0,0,0,0,HRHB
E166,65,0,0,0,0,0,0,0,0,0,HRHB
E181,65,0,0,0,0,0,0,0,0,0,HRHB
E196,65,0,0,0,0,0,0,0,0,0,HRHB
N40,65,0,0,0,0,0,0,0,0,0,HRHB
N41,65,0,0,0,0,0,0,0,0,0,HRHB
W110,65,0,0,0,0,0,0,0,0,0,HRHB
W155,65,0,0,0,0,0,0,0,0,0,HRHB
W170,65,0,0,0,0,0,0,0,0,0,HRHB
W185,65,0,0,0,0,0,0,0,0,0,HRHB
W200,65,0,0,0,0,0,0,0,0,0,HRHB
E114,65,0.538497823,1.314330337,146.2256407,0.310359044,0.016008185,0.016008185,2.672755955,0.176656017,0.294397987,HR&0.3?D
E151,65,0.067436043,2.6366275,252.6098633,0.082027504,0.003104143,0.003104143,0.27921508,0.009784339,0.085129005,HR&0.3?D
E166,65,3.290918641,0.674593029,106.4588853,0.181667137,0.009517324,0.009517324,0.688197742,0.019496129,0.191202658,HR&0.3?D
E181,65,0.516455448,14.03401568,324.2201555,0.15664477,0.067516679,0.067516679,2.534702494,0.243572853,0.089188308,HR&0.3?D
E196,65,1.05078108,13.54047818,3633.972613,0.2198648,0.101260428,0.101260428,0.823941713,0.284009062,0.118724593,HR&0.3?D
N40,65,0.154304563,0.004900165,0.814173013,0.079066825,0.032201062,0.032201062,0.120880685,0.016627554,0.111232069,HR&0.3?D
N41,65,0.3343975,1.085510095,27.61096513,0.185170419,0.081109273,0.081109273,0.348358284,0.100949642,0.104145618,HR&0.3?D
W110,65,0.12185338,0.330304864,40.12879126,0.293633132,0.013218866,0.013218866,0.272564324,0.036463507,0.280451339,HR&0.3?D
W155,65,0.01274248,1.52158809,79.14245036,0.215740779,0.033707588,0.033707588,0.981770508,0.072322965,0.182094571,HR&0.3?D
W170,65,0.368660032,0.206668399,67.52602263,0.107641833,0.065892274,0.065892274,0.545804376,0.066430552,0.041777087,HR&0.3?D
W185,65,0.901128946,0.865379095,15.50778185,0.185527755,0.210553616,0.210553616,6.894109038,0.06115459,0.025078665,HR&0.3?D
W200,65,0.995953588,0.826762673,79.00360803,0.276632715,0.238942718,0.238942718,0.92495355,0.077170691,0.03778027,HR&0.3?D
E114,65,4.851670619,1.168749074,54.68371012,1.662968607,1.06825156,1.06825156,87.61943202,0.462712248,2.702352248,HR&0.01?D
E151,65,1.248130748,1.060366301,45.31582796,0.00616169,0.329278342,0.329278342,4.937206025,0.373139834,0.334339126,HR&0.01?D
E166,65,0.636903922,1.734964951,86.27853239,0.130384018,0.246459528,0.246459528,16.63364172,0.12823092,0.115790134,HR&0.01?D
E181,65,0.29925215,13.33852307,297.3560105,0.345853686,0.249871692,0.249871692,23.557394,0.497007582,0.09574276,HR&0.01?D
E196,65,2.045445348,4.170908005,244.9525812,0.273490362,0.099182062,0.099182062,4.202433602,0.683365015,0.174481353,HR&0.01?D
N40,65,0.737216338,1.040635298,279.3018003,0.096740586,0.209809927,0.209809927,2.625283914,0.448204489,0.305908686,HR&0.01?D
N41,65,1.100883321,1.72370733,104.6697971,0.506782199,0.300007648,0.300007648,1.470493073,0.570526204,0.809217561,HR&0.01?D
W110,65,2.374300282,13.1542542,24.03685328,2.321320193,0.63061789,0.63061789,39.34465213,1.383695752,1.680107246,HR&0.01?D
W155,65,3.828733796,10.95923446,193.5737505,0.006638178,0.199228444,0.199228444,6.885644584,0.933271912,0.205457293,HR&0.01?D
W170,65,0.353894988,3.29464675,50.84400347,0.123493199,0.049690399,0.049690399,5.401888363,0.893201965,0.073766145,HR&0.01?D
W185,65,1.279777182,0.142623814,47.58565682,0.607353596,0.370431802,0.370431802,291.4860253,0.053965664,0.237802691,HR&0.01?D
W200,65,1.757604576,9.343122956,278.7508495,1.166873869,0.491900824,0.491900824,11.98314982,0.488937121,0.678309655,HR&0.01?D
E114,70,0,0,0,0,0,0,0,0,0,HRHB
E151,70,0,0,0,0,0,0,0,0,0,HRHB
E166,70,0,0,0,0,0,0,0,0,0,HRHB
E181,70,0,0,0,0,0,0,0,0,0,HRHB
E196,70,0,0,0,0,0,0,0,0,0,HRHB
N40,70,0,0,0,0,0,0,0,0,0,HRHB
N41,70,0,0,0,0,0,0,0,0,0,HRHB
W110,70,0,0,0,0,0,0,0,0,0,HRHB
W155,70,0,0,0,0,0,0,0,0,0,HRHB
W170,70,0,0,0,0,0,0,0,0,0,HRHB
W185,70,0,0,0,0,0,0,0,0,0,HRHB
W200,70,0,0,0,0,0,0,0,0,0,HRHB
E114,70,1.282655063,8.655409966,623.3165062,0.115759109,0.238048514,0.238048514,0.683563775,0.129281951,0.122581207,HR&0.3?D
E151,70,0.084562385,17.49276732,4.952111471,0.012941337,0.018352019,0.018352019,0.739344389,0.061306331,0.031299099,HR&0.3?D
E166,70,0.226179755,5.490711932,17.89645816,0.011107649,0.016771201,0.016771201,0.469219349,0.066582479,0.027883526,HR&0.3?D
E181,70,1.585651802,14.07950769,80.5020139,0.300099578,0.245800485,0.245800485,0.749371632,0.112832465,0.05443289,HR&0.3?D
E196,70,1.293711149,0.522084905,195.6340751,0.452643501,0.251351798,0.251351798,0.878641048,0.182851903,0.201798928,HR&0.3?D
N40,70,0.293453404,0.391300117,199.0728007,0.048900469,0.046587338,0.046587338,0.52449515,0.044890755,0.002314209,HR&0.3?D
N41,70,0.353155038,1.447589043,164.3057548,0.029960248,0.109996695,0.109996695,0.33477349,0.14527004,0.140111061,HR&0.3?D
W110,70,0.059789421,9.953385644,153.2934875,0.072998268,0.016444179,0.016444179,4.911083415,0.020708168,0.05656339,HR&0.3?D
W155,70,0.134412913,17.67230082,1.957671921,0.154836832,0.005761936,0.005761936,2.815965837,0.054906267,0.149083487,HR&0.3?D
W170,70,0.654171398,2.059576133,2.032520325,0.177227825,0.008593688,0.008593688,2.241540518,0.073384047,0.16864863,HR&0.3?D
W185,70,0.564166813,12.1737271,238.0771829,0.073364289,0.192061563,0.192061563,34.23800303,0.133662965,0.265936614,HR&0.3?D
W200,70,0.762215062,11.69377062,170.1357258,0.029148415,0.226973329,0.226973329,2.530061679,0.025325927,0.256704394,HR&0.3?D
E114,70,7.409329206,9.778492071,847.8093151,0.238986548,2.021650799,2.021650799,11.37692491,0.042081361,2.307282543,HR&0.01?D
E151,70,1.187724215,154.665686,20.21114494,0.174078159,0.14281246,0.14281246,3.130751224,0.469409557,0.031310414,HR&0.01?D
E166,70,3.884406966,65.53324899,14.63704529,0.224807017,0.106399868,0.106399868,2.708788041,0.430525141,0.118533268,HR&0.01?D
E181,70,5.137163422,11.41041711,113.6009803,0.852009985,1.094653537,1.094653537,5.799263362,0.022853008,0.245329055,HR&0.01?D
E196,70,4.205540621,12.77407896,137.0608059,2.047710434,0.915376222,0.915376222,12.39367081,0.651203981,1.142795086,HR&0.01?D
N40,70,2.418393267,62.64779071,18.35967959,0.410180056,0.469954847,0.469954847,1.119011727,0.164751953,0.060057032,HR&0.01?D
N41,70,0.626215087,0.693226195,302.8965407,0.192184029,0.32499423,0.32499423,0.000620902,0.168560745,0.133243234,HR&0.01?D
W110,70,1.101580079,7.714788443,173.6124201,0.849285815,0.075564072,0.075564072,28.25810386,0.116881359,0.77313753,HR&0.01?D
W155,70,1.943253594,42.9358057,1.587301624,0.076206047,0.020280598,0.020280598,6.368608822,0.127004455,0.096467081,HR&0.01?D
W170,70,2.490260004,6.412534861,1.219512236,0.127920083,0.009891386,0.009891386,2.862249109,0.05889209,0.137797839,HR&0.01?D
W185,70,0.897961227,12.38360502,268.3384638,0.838917668,0.119465816,0.119465816,97.22104045,0.586131836,0.720312379,HR&0.01?D
W200,70,1.521457258,9.476851699,254.4688838,0.417109709,0.176598027,0.176598027,3.316204873,0.526662534,0.594758067,HR&0.01?D
